o,1.0
circuito,0.32673267326732675
sistema,0.31683168316831684
diseño,0.25742574257425743
memoria,0.18811881188118812
lógica,0.1782178217821782
digitales,0.1485148514851485
compuerta,0.1485148514851485
en,0.13861386138613863
o practica,0.13861386138613863
secuenciales,0.12871287128712872
arquitectura,0.12871287128712872
del,0.10891089108910891
código,0.10891089108910891
tipo,0.09900990099009901
ejemplos,0.09900990099009901
combinacionales,0.0891089108910891
definición,0.0891089108910891
contadores,0.0891089108910891
vhdl,0.0891089108910891
análisis,0.07920792079207921
introducción,0.07920792079207921
sumador,0.07920792079207921
integrado,0.07920792079207921
rom,0.07920792079207921
análisis diseño,0.07920792079207921
digital,0.06930693069306931
complemento,0.06930693069306931
por,0.06930693069306931
decodificadores,0.06930693069306931
registros,0.06930693069306931
concepto,0.06930693069306931
lenguaje,0.06930693069306931
máquinas estado,0.06930693069306931
txt,0.0594059405940594
unidad,0.0594059405940594
descripción,0.0594059405940594
binario,0.0594059405940594
signo,0.0594059405940594
las,0.0594059405940594
codificadores,0.0594059405940594
un,0.0594059405940594
secuencial,0.0594059405940594
funciones lógicas,0.0594059405940594
flip flop,0.0594059405940594
ejercicios simulaciones,0.0594059405940594
proyecto investigación,0.0594059405940594
el,0.04950495049504951
estado,0.04950495049504951
numeración,0.04950495049504951
bcd,0.04950495049504951
aritmética,0.04950495049504951
operaciones,0.04950495049504951
expresiones,0.04950495049504951
implementación,0.04950495049504951
alu,0.04950495049504951
fsm,0.04950495049504951
fpga,0.04950495049504951
capítulo,0.04950495049504951
dispositivos lógicos,0.04950495049504951
lógicos programables,0.04950495049504951
simulaciones capítulo,0.04950495049504951
síntesis,0.039603960396039604
sincrónicos,0.039603960396039604
finito,0.039603960396039604
niveles,0.039603960396039604
magnitud,0.039603960396039604
datos,0.039603960396039604
ttl,0.039603960396039604
combinacional,0.039603960396039604
mapas,0.039603960396039604
aplicaciones,0.039603960396039604
completo,0.039603960396039604
restador,0.039603960396039604
comparadores,0.039603960396039604
computadores,0.039603960396039604
para,0.039603960396039604
programación,0.039603960396039604
plds,0.039603960396039604
cpld,0.039603960396039604
sentencia,0.039603960396039604
algebra boole,0.039603960396039604
multiplexores demultiplexores,0.039603960396039604
funciones booleanas,0.039603960396039604
variables,0.0297029702970297
octal,0.0297029702970297
decimal,0.0297029702970297
hexadecimal,0.0297029702970297
gray,0.0297029702970297
representación,0.0297029702970297
enteros,0.0297029702970297
boole,0.0297029702970297
simplificación,0.0297029702970297
nand,0.0297029702970297
multiplexores,0.0297029702970297
mealy,0.0297029702970297
moore,0.0297029702970297
dispositivos,0.0297029702970297
programmable,0.0297029702970297
microcontrolador,0.0297029702970297
ram,0.0297029702970297
acceso,0.0297029702970297
binaria,0.0297029702970297
sin,0.0297029702970297
dos,0.0297029702970297
abel,0.0297029702970297
simulación,0.0297029702970297
combinatorio,0.0297029702970297
contador,0.0297029702970297
teorema,0.0297029702970297
canónica,0.0297029702970297
ejecución,0.0297029702970297
componentes,0.0297029702970297
álgebra boole,0.0297029702970297
suma producto,0.0297029702970297
registros desplazamiento,0.0297029702970297
sumadores restadores,0.0297029702970297
descripción hardware,0.0297029702970297
taller solución,0.0297029702970297
solución dudas,0.0297029702970297
examen parcial,0.0297029702970297
de,0.019801980198019802
programa,0.019801980198019802
electrónica,0.019801980198019802
se,0.019801980198019802
fundamentos,0.019801980198019802
siguientes,0.019801980198019802
asincrónicos,0.019801980198019802
entre,0.019801980198019802
base,0.019801980198019802
ponderados,0.019801980198019802
números,0.019801980198019802
fija,0.019801980198019802
flotante,0.019801980198019802
suma,0.019801980198019802
resta,0.019801980198019802
hamming,0.019801980198019802
funciones,0.019801980198019802
propiedades,0.019801980198019802
xor,0.019801980198019802
verdad,0.019801980198019802
realización,0.019801980198019802
características,0.019801980198019802
fan,0.019801980198019802
retardos,0.019801980198019802
propagación,0.019801980198019802
buffer,0.019801980198019802
clasificación,0.019801980198019802
aplicación,0.019801980198019802
pwm,0.019801980198019802
tecnología,0.019801980198019802
procesador,0.019801980198019802
formas,0.019801980198019802
multiplicadores,0.019801980198019802
visualización,0.019801980198019802
dinámica,0.019801980198019802
proceso,0.019801980198019802
bus,0.019801980198019802
al,0.019801980198019802
instrucciones,0.019801980198019802
fundamentales,0.019801980198019802
vs,0.019801980198019802
análogo,0.019801980198019802
familia,0.019801980198019802
cmos,0.019801980198019802
aspectos,0.019801980198019802
básicos,0.019801980198019802
fraccional,0.019801980198019802
corrimiento,0.019801980198019802
transmisión,0.019801980198019802
almacenamiento,0.019801980198019802
booleana,0.019801980198019802
elementales,0.019801980198019802
tabla,0.019801980198019802
subsistemas,0.019801980198019802
aritméticos,0.019801980198019802
tiempo,0.019801980198019802
paridad,0.019801980198019802
biestables,0.019801980198019802
caso,0.019801980198019802
máquina,0.019801980198019802
msf,0.019801980198019802
asf,0.019801980198019802
procesadores,0.019801980198019802
básicas,0.019801980198019802
harvard,0.019801980198019802
microcontroladores,0.019801980198019802
microprocesador,0.019801980198019802
elementos,0.019801980198019802
entidades,0.019801980198019802
operadores,0.019801980198019802
estructural,0.019801980198019802
principios,0.019801980198019802
karnaugh,0.019801980198019802
segmentos,0.019801980198019802
bits,0.019801980198019802
herramientas,0.019801980198019802
metodologías,0.019801980198019802
top,0.019801980198019802
cerrojos,0.019801980198019802